,Abbr.,Current Elo
San Francisco Unicorns,SFU,1673.484982413114
Texas Super Kings,TSK,1659.3811245080165
Washington Freedom,WF,1583.2536634353944
MI New York,MINY,1441.3434767033934
Seattle Orcas,SEO,1361.8520165508633
Los Angeles Knight Riders,LAKR,1280.6847363892177
