,Abbr.,Current Elo
Texas Super Kings,TSK,1673.1109578040066
Washington Freedom,WF,1631.3461614169503
San Francisco Unicorns,SFU,1630.1701579464163
MI New York,MINY,1428.9844509834372
Los Angeles Knight Riders,LAKR,1337.8566520985107
Seattle Orcas,SEO,1298.5316197506781
